Workbook

Sheet Empieza aquí
B2: Recupera horas de tu semana con IA
B3: La hoja de tu semana · Kata Ivanovych · kata.ianexora.com
B5: Cómo se usa (15 minutos)
B6: 1. Ve a la pestaña «Tu semana» y apunta tus tareas repetitivas: las que haces casi igual cada vez. Correos parecidos, pasar datos de un sitio a otro, resúmenes, informes, buscar algo que ya tenías. Del trabajo o de tu vida.
B7: 2. En cada una, pon cuántos minutos te lleva y cuántas veces la haces a la semana.
B8: 3. Elige cuánto de esa tarea podría hacer una IA: casi toda, la mitad, poco o nada. Es tu estimación; si dudas, elige menos.
B9: 4. La hoja te dice las horas al año que se te van en cada tarea, las que te puede devolver la IA y por cuál empezar.
B10: 5. Opcional: pon abajo cuánto vale una hora tuya (o en la tabla, la de quien hace cada tarea) y lo verás también en euros.
B12: Las celdas amarillas son las que rellenas tú. El resto se calcula solo.
B13: Mira la pestaña «Ejemplo» para ver una semana ya rellena. La hoja es tuya: no envía nada a ningún sitio.
B19: Ajustes
B20: Puedes cambiarlos. Son los números que la hoja usa para calcular.
B21: Semanas que trabajas al año | C21: 45 | D21: Un año tiene 52. Unas 4 se van en vacaciones y unas 3 en festivos. Pon las tuyas.
B22: Horas de tu semana de trabajo | C22: 40 | D22: Para contarte las horas recuperadas en semanas de trabajo.
B23: Cuánto vale una hora tuya (€, opcional) | D23: Lo que cobras o lo que te cuesta una hora. Si lo dejas vacío, la hoja solo cuenta horas.
B25: Cuánto puede hacer la IA | D25: Son estimaciones para ordenar tus tareas, no una promesa. Si crees que «la mitad» es menos, cámbialo.
B26: Si eliges… | C26: …te devuelve
B27: Casi toda | C27: 0.8
B28: La mitad | C28: 0.5
B29: Poco | C29: 0.2
B30: Nada | C30: 0
B33: Y después
B34: Empieza por la tarea número 1 de «Tu semana». Abre tu IA (ChatGPT, Claude o Gemini) con tu ficha puesta y pásale este mensaje, cambiando lo que va entre corchetes:
B35: «Hago esta tarea [cada cuánto]: [la tarea]. Me lleva [minutos]. Lo que me llega es [qué recibes: un correo, una factura, unas notas] y lo que tiene que salir es [qué entregas]. ¿Qué parte puedes hacer tú, y cómo te lo paso cada vez para que lo hagas igual?»
B36: Haz la tarea con ella esta semana. Si te ahorra tiempo, pasa a la número 2. Si no, cuéntame qué falló respondiendo a cualquiera de mis correos: lo leo yo.

Sheet Tu semana
A1: Tu semana
A4: Horas al año en tareas repetitivas | B4: =SUM($E$12:$E$41) -> 0 | D4: Por dónde empezar
A5: Horas que te puede devolver la IA | B5: =SUM($F$12:$F$41) -> 0 | D5: 1. | E5: =IFERROR(INDEX($A$12:$A$41,MATCH(LARGE($J$12:$J$41,1),$J$12:$J$41,0)),"") | I5: =IFERROR(INDEX($F$12:$F$41,MATCH(LARGE($J$12:$J$41,1),$J$12:$J$41,0)),"")
A6: Eso son, en semanas de trabajo | B6: =IF(B5=0,0,B5/'Empieza aquí'!$C$22) -> 0 | D6: 2. | E6: =IFERROR(INDEX($A$12:$A$41,MATCH(LARGE($J$12:$J$41,2),$J$12:$J$41,0)),"") | I6: =IFERROR(INDEX($F$12:$F$41,MATCH(LARGE($J$12:$J$41,2),$J$12:$J$41,0)),"")
A7: Y en euros (si has puesto el valor de la hora) | B7: =IF(COUNT($I$12:$I$41)=0,"—",SUM($I$12:$I$41)) -> — | D7: 3. | E7: =IFERROR(INDEX($A$12:$A$41,MATCH(LARGE($J$12:$J$41,3),$J$12:$J$41,0)),"") | I7: =IFERROR(INDEX($F$12:$F$41,MATCH(LARGE($J$12:$J$41,3),$J$12:$J$41,0)),"")
A11: Tarea | B11: Minutos cada vez | C11: Veces por semana | D11: ¿Cuánto puede hacer la IA? | E11: Horas al año | F11: Horas que te devuelve al año | G11: Orden | H11: € por hora de quien la hace (opcional) | I11: € al año que te devuelve
E12: =IF(OR(B12="",C12=""),"",B12*C12*'Empieza aquí'!$C$21/60) | F12: =IF(E12="","",E12*IFERROR(INDEX('Empieza aquí'!$C$27:$C$30,MATCH(D12,'Empieza aquí'!$B$27:$B$30,0)),0)) | G12: =IF(OR(F12="",F12=0),"",RANK(F12,$F$12:$F$41)) | I12: =IF(OR(F12="",AND(H12="",'Empieza aquí'!$C$23="")),"",F12*IF(H12<>"",H12,'Empieza aquí'!$C$23)) | J12: =IF(OR(F12="",F12=0),"",F12+ROW()/100000)
E13: =IF(OR(B13="",C13=""),"",B13*C13*'Empieza aquí'!$C$21/60) | F13: =IF(E13="","",E13*IFERROR(INDEX('Empieza aquí'!$C$27:$C$30,MATCH(D13,'Empieza aquí'!$B$27:$B$30,0)),0)) | G13: =IF(OR(F13="",F13=0),"",RANK(F13,$F$12:$F$41)) | I13: =IF(OR(F13="",AND(H13="",'Empieza aquí'!$C$23="")),"",F13*IF(H13<>"",H13,'Empieza aquí'!$C$23)) | J13: =IF(OR(F13="",F13=0),"",F13+ROW()/100000)
E14: =IF(OR(B14="",C14=""),"",B14*C14*'Empieza aquí'!$C$21/60) | F14: =IF(E14="","",E14*IFERROR(INDEX('Empieza aquí'!$C$27:$C$30,MATCH(D14,'Empieza aquí'!$B$27:$B$30,0)),0)) | G14: =IF(OR(F14="",F14=0),"",RANK(F14,$F$12:$F$41)) | I14: =IF(OR(F14="",AND(H14="",'Empieza aquí'!$C$23="")),"",F14*IF(H14<>"",H14,'Empieza aquí'!$C$23)) | J14: =IF(OR(F14="",F14=0),"",F14+ROW()/100000)
E15: =IF(OR(B15="",C15=""),"",B15*C15*'Empieza aquí'!$C$21/60) | F15: =IF(E15="","",E15*IFERROR(INDEX('Empieza aquí'!$C$27:$C$30,MATCH(D15,'Empieza aquí'!$B$27:$B$30,0)),0)) | G15: =IF(OR(F15="",F15=0),"",RANK(F15,$F$12:$F$41)) | I15: =IF(OR(F15="",AND(H15="",'Empieza aquí'!$C$23="")),"",F15*IF(H15<>"",H15,'Empieza aquí'!$C$23)) | J15: =IF(OR(F15="",F15=0),"",F15+ROW()/100000)
E16: =IF(OR(B16="",C16=""),"",B16*C16*'Empieza aquí'!$C$21/60) | F16: =IF(E16="","",E16*IFERROR(INDEX('Empieza aquí'!$C$27:$C$30,MATCH(D16,'Empieza aquí'!$B$27:$B$30,0)),0)) | G16: =IF(OR(F16="",F16=0),"",RANK(F16,$F$12:$F$41)) | I16: =IF(OR(F16="",AND(H16="",'Empieza aquí'!$C$23="")),"",F16*IF(H16<>"",H16,'Empieza aquí'!$C$23)) | J16: =IF(OR(F16="",F16=0),"",F16+ROW()/100000)
E17: =IF(OR(B17="",C17=""),"",B17*C17*'Empieza aquí'!$C$21/60) | F17: =IF(E17="","",E17*IFERROR(INDEX('Empieza aquí'!$C$27:$C$30,MATCH(D17,'Empieza aquí'!$B$27:$B$30,0)),0)) | G17: =IF(OR(F17="",F17=0),"",RANK(F17,$F$12:$F$41)) | I17: =IF(OR(F17="",AND(H17="",'Empieza aquí'!$C$23="")),"",F17*IF(H17<>"",H17,'Empieza aquí'!$C$23)) | J17: =IF(OR(F17="",F17=0),"",F17+ROW()/100000)
E18: =IF(OR(B18="",C18=""),"",B18*C18*'Empieza aquí'!$C$21/60) | F18: =IF(E18="","",E18*IFERROR(INDEX('Empieza aquí'!$C$27:$C$30,MATCH(D18,'Empieza aquí'!$B$27:$B$30,0)),0)) | G18: =IF(OR(F18="",F18=0),"",RANK(F18,$F$12:$F$41)) | I18: =IF(OR(F18="",AND(H18="",'Empieza aquí'!$C$23="")),"",F18*IF(H18<>"",H18,'Empieza aquí'!$C$23)) | J18: =IF(OR(F18="",F18=0),"",F18+ROW()/100000)
E19: =IF(OR(B19="",C19=""),"",B19*C19*'Empieza aquí'!$C$21/60) | F19: =IF(E19="","",E19*IFERROR(INDEX('Empieza aquí'!$C$27:$C$30,MATCH(D19,'Empieza aquí'!$B$27:$B$30,0)),0)) | G19: =IF(OR(F19="",F19=0),"",RANK(F19,$F$12:$F$41)) | I19: =IF(OR(F19="",AND(H19="",'Empieza aquí'!$C$23="")),"",F19*IF(H19<>"",H19,'Empieza aquí'!$C$23)) | J19: =IF(OR(F19="",F19=0),"",F19+ROW()/100000)
E20: =IF(OR(B20="",C20=""),"",B20*C20*'Empieza aquí'!$C$21/60) | F20: =IF(E20="","",E20*IFERROR(INDEX('Empieza aquí'!$C$27:$C$30,MATCH(D20,'Empieza aquí'!$B$27:$B$30,0)),0)) | G20: =IF(OR(F20="",F20=0),"",RANK(F20,$F$12:$F$41)) | I20: =IF(OR(F20="",AND(H20="",'Empieza aquí'!$C$23="")),"",F20*IF(H20<>"",H20,'Empieza aquí'!$C$23)) | J20: =IF(OR(F20="",F20=0),"",F20+ROW()/100000)
E21: =IF(OR(B21="",C21=""),"",B21*C21*'Empieza aquí'!$C$21/60) | F21: =IF(E21="","",E21*IFERROR(INDEX('Empieza aquí'!$C$27:$C$30,MATCH(D21,'Empieza aquí'!$B$27:$B$30,0)),0)) | G21: =IF(OR(F21="",F21=0),"",RANK(F21,$F$12:$F$41)) | I21: =IF(OR(F21="",AND(H21="",'Empieza aquí'!$C$23="")),"",F21*IF(H21<>"",H21,'Empieza aquí'!$C$23)) | J21: =IF(OR(F21="",F21=0),"",F21+ROW()/100000)
E22: =IF(OR(B22="",C22=""),"",B22*C22*'Empieza aquí'!$C$21/60) | F22: =IF(E22="","",E22*IFERROR(INDEX('Empieza aquí'!$C$27:$C$30,MATCH(D22,'Empieza aquí'!$B$27:$B$30,0)),0)) | G22: =IF(OR(F22="",F22=0),"",RANK(F22,$F$12:$F$41)) | I22: =IF(OR(F22="",AND(H22="",'Empieza aquí'!$C$23="")),"",F22*IF(H22<>"",H22,'Empieza aquí'!$C$23)) | J22: =IF(OR(F22="",F22=0),"",F22+ROW()/100000)
E23: =IF(OR(B23="",C23=""),"",B23*C23*'Empieza aquí'!$C$21/60) | F23: =IF(E23="","",E23*IFERROR(INDEX('Empieza aquí'!$C$27:$C$30,MATCH(D23,'Empieza aquí'!$B$27:$B$30,0)),0)) | G23: =IF(OR(F23="",F23=0),"",RANK(F23,$F$12:$F$41)) | I23: =IF(OR(F23="",AND(H23="",'Empieza aquí'!$C$23="")),"",F23*IF(H23<>"",H23,'Empieza aquí'!$C$23)) | J23: =IF(OR(F23="",F23=0),"",F23+ROW()/100000)
... E41: =IF(OR(B41="",C41=""),"",B41*C41*'Empieza aquí'!$C$21/60) | F41: =IF(E41="","",E41*IFERROR(INDEX('Empieza aquí'!$C$27:$C$30,MATCH(D41,'Empieza aquí'!$B$27:$B$30,0)),0)) | G41: =IF(OR(F41="",F41=0),"",RANK(F41,$F$12:$F$41)) | I41: =IF(OR(F41="",AND(H41="",'Empieza aquí'!$C$23="")),"",F41*IF(H41<>"",H41,'Empieza aquí'!$C$23)) | J41: =IF(OR(F41="",F41=0),"",F41+ROW()/100000)
A42: Total | E42: =SUM(E12:E41) -> 0 | F42: =SUM(F12:F41) -> 0 | I42: =SUM(I12:I41) -> 0

Sheet Ejemplo
A1: Ejemplo
A2: Una semana inventada, para que veas cómo se rellena. La tuya va en la pestaña «Tu semana».
A4: Horas al año en tareas repetitivas | B4: =SUM($E$12:$E$41) -> 337.5 | D4: Por dónde empezar
A5: Horas que te puede devolver la IA | B5: =SUM($F$12:$F$41) -> 193.5 | D5: 1. | E5: =IFERROR(INDEX($A$12:$A$41,MATCH(LARGE($J$12:$J$41,1),$J$12:$J$41,0)),"") -> Pasar datos de facturas o pedidos a una hoja | I5: =IFERROR(INDEX($F$12:$F$41,MATCH(LARGE($J$12:$J$41,1),$J$12:$J$41,0)),"") -> 60
A6: Eso son, en semanas de trabajo | B6: =IF(B5=0,0,B5/'Empieza aquí'!$C$22) -> 4.8375 | D6: 2. | E6: =IFERROR(INDEX($A$12:$A$41,MATCH(LARGE($J$12:$J$41,2),$J$12:$J$41,0)),"") -> Contestar correos que se repiten (presupuestos, dudas de clientes) | I6: =IFERROR(INDEX($F$12:$F$41,MATCH(LARGE($J$12:$J$41,2),$J$12:$J$41,0)),"") -> 56.25
A7: Y en euros (si has puesto el valor de la hora) | B7: =IF(COUNT($I$12:$I$41)=0,"—",SUM($I$12:$I$41)) -> 3645 | D7: 3. | E7: =IFERROR(INDEX($A$12:$A$41,MATCH(LARGE($J$12:$J$41,3),$J$12:$J$41,0)),"") -> Resumir reuniones y repartir las tareas | I7: =IFERROR(INDEX($F$12:$F$41,MATCH(LARGE($J$12:$J$41,3),$J$12:$J$41,0)),"") -> 36
A11: Tarea | B11: Minutos cada vez | C11: Veces por semana | D11: ¿Cuánto puede hacer la IA? | E11: Horas al año | F11: Horas que te devuelve al año | G11: Orden | H11: € por hora de quien la hace (opcional) | I11: € al año que te devuelve
A12: Contestar correos que se repiten (presupuestos, dudas de clientes) | B12: 10 | C12: 15 | D12: La mitad | E12: =IF(OR(B12="",C12=""),"",B12*C12*'Empieza aquí'!$C$21/60) -> 112.5 | F12: =IF(E12="","",E12*IFERROR(INDEX('Empieza aquí'!$C$27:$C$30,MATCH(D12,'Empieza aquí'!$B$27:$B$30,0)),0)) -> 56.25 | G12: =IF(OR(F12="",F12=0),"",RANK(F12,$F$12:$F$41)) -> 2 | H12: 20 | I12: =IF(OR(F12="",AND(H12="",'Empieza aquí'!$C$23="")),"",F12*IF(H12<>"",H12,'Empieza aquí'!$C$23)) -> 1125 | J12: =IF(OR(F12="",F12=0),"",F12+ROW()/100000) -> 56.25012
A13: Pasar datos de facturas o pedidos a una hoja | B13: 5 | C13: 20 | D13: Casi toda | E13: =IF(OR(B13="",C13=""),"",B13*C13*'Empieza aquí'!$C$21/60) -> 75 | F13: =IF(E13="","",E13*IFERROR(INDEX('Empieza aquí'!$C$27:$C$30,MATCH(D13,'Empieza aquí'!$B$27:$B$30,0)),0)) -> 60 | G13: =IF(OR(F13="",F13=0),"",RANK(F13,$F$12:$F$41)) -> 1 | H13: 20 | I13: =IF(OR(F13="",AND(H13="",'Empieza aquí'!$C$23="")),"",F13*IF(H13<>"",H13,'Empieza aquí'!$C$23)) -> 1200 | J13: =IF(OR(F13="",F13=0),"",F13+ROW()/100000) -> 60.00013
A14: Preparar el informe de la semana | B14: 60 | C14: 1 | D14: La mitad | E14: =IF(OR(B14="",C14=""),"",B14*C14*'Empieza aquí'!$C$21/60) -> 45 | F14: =IF(E14="","",E14*IFERROR(INDEX('Empieza aquí'!$C$27:$C$30,MATCH(D14,'Empieza aquí'!$B$27:$B$30,0)),0)) -> 22.5 | G14: =IF(OR(F14="",F14=0),"",RANK(F14,$F$12:$F$41)) -> 4 | H14: 20 | I14: =IF(OR(F14="",AND(H14="",'Empieza aquí'!$C$23="")),"",F14*IF(H14<>"",H14,'Empieza aquí'!$C$23)) -> 450 | J14: =IF(OR(F14="",F14=0),"",F14+ROW()/100000) -> 22.50014
A15: Resumir reuniones y repartir las tareas | B15: 20 | C15: 3 | D15: Casi toda | E15: =IF(OR(B15="",C15=""),"",B15*C15*'Empieza aquí'!$C$21/60) -> 45 | F15: =IF(E15="","",E15*IFERROR(INDEX('Empieza aquí'!$C$27:$C$30,MATCH(D15,'Empieza aquí'!$B$27:$B$30,0)),0)) -> 36 | G15: =IF(OR(F15="",F15=0),"",RANK(F15,$F$12:$F$41)) -> 3 | H15: 20 | I15: =IF(OR(F15="",AND(H15="",'Empieza aquí'!$C$23="")),"",F15*IF(H15<>"",H15,'Empieza aquí'!$C$23)) -> 720 | J15: =IF(OR(F15="",F15=0),"",F15+ROW()/100000) -> 36.00015
A16: Buscar un documento o un dato que ya tenía | B16: 5 | C16: 10 | D16: Poco | E16: =IF(OR(B16="",C16=""),"",B16*C16*'Empieza aquí'!$C$21/60) -> 37.5 | F16: =IF(E16="","",E16*IFERROR(INDEX('Empieza aquí'!$C$27:$C$30,MATCH(D16,'Empieza aquí'!$B$27:$B$30,0)),0)) -> 7.5 | G16: =IF(OR(F16="",F16=0),"",RANK(F16,$F$12:$F$41)) -> 6 | H16: 20 | I16: =IF(OR(F16="",AND(H16="",'Empieza aquí'!$C$23="")),"",F16*IF(H16<>"",H16,'Empieza aquí'!$C$23)) -> 150 | J16: =IF(OR(F16="",F16=0),"",F16+ROW()/100000) -> 7.50016
A17: Planificar las comidas y la compra de la semana | B17: 30 | C17: 1 | D17: La mitad | E17: =IF(OR(B17="",C17=""),"",B17*C17*'Empieza aquí'!$C$21/60) -> 22.5 | F17: =IF(E17="","",E17*IFERROR(INDEX('Empieza aquí'!$C$27:$C$30,MATCH(D17,'Empieza aquí'!$B$27:$B$30,0)),0)) -> 11.25 | G17: =IF(OR(F17="",F17=0),"",RANK(F17,$F$12:$F$41)) -> 5 | I17: =IF(OR(F17="",AND(H17="",'Empieza aquí'!$C$23="")),"",F17*IF(H17<>"",H17,'Empieza aquí'!$C$23)) | J17: =IF(OR(F17="",F17=0),"",F17+ROW()/100000) -> 11.25017
E18: =IF(OR(B18="",C18=""),"",B18*C18*'Empieza aquí'!$C$21/60) | F18: =IF(E18="","",E18*IFERROR(INDEX('Empieza aquí'!$C$27:$C$30,MATCH(D18,'Empieza aquí'!$B$27:$B$30,0)),0)) | G18: =IF(OR(F18="",F18=0),"",RANK(F18,$F$12:$F$41)) | I18: =IF(OR(F18="",AND(H18="",'Empieza aquí'!$C$23="")),"",F18*IF(H18<>"",H18,'Empieza aquí'!$C$23)) | J18: =IF(OR(F18="",F18=0),"",F18+ROW()/100000)
E19: =IF(OR(B19="",C19=""),"",B19*C19*'Empieza aquí'!$C$21/60) | F19: =IF(E19="","",E19*IFERROR(INDEX('Empieza aquí'!$C$27:$C$30,MATCH(D19,'Empieza aquí'!$B$27:$B$30,0)),0)) | G19: =IF(OR(F19="",F19=0),"",RANK(F19,$F$12:$F$41)) | I19: =IF(OR(F19="",AND(H19="",'Empieza aquí'!$C$23="")),"",F19*IF(H19<>"",H19,'Empieza aquí'!$C$23)) | J19: =IF(OR(F19="",F19=0),"",F19+ROW()/100000)
E20: =IF(OR(B20="",C20=""),"",B20*C20*'Empieza aquí'!$C$21/60) | F20: =IF(E20="","",E20*IFERROR(INDEX('Empieza aquí'!$C$27:$C$30,MATCH(D20,'Empieza aquí'!$B$27:$B$30,0)),0)) | G20: =IF(OR(F20="",F20=0),"",RANK(F20,$F$12:$F$41)) | I20: =IF(OR(F20="",AND(H20="",'Empieza aquí'!$C$23="")),"",F20*IF(H20<>"",H20,'Empieza aquí'!$C$23)) | J20: =IF(OR(F20="",F20=0),"",F20+ROW()/100000)
E21: =IF(OR(B21="",C21=""),"",B21*C21*'Empieza aquí'!$C$21/60) | F21: =IF(E21="","",E21*IFERROR(INDEX('Empieza aquí'!$C$27:$C$30,MATCH(D21,'Empieza aquí'!$B$27:$B$30,0)),0)) | G21: =IF(OR(F21="",F21=0),"",RANK(F21,$F$12:$F$41)) | I21: =IF(OR(F21="",AND(H21="",'Empieza aquí'!$C$23="")),"",F21*IF(H21<>"",H21,'Empieza aquí'!$C$23)) | J21: =IF(OR(F21="",F21=0),"",F21+ROW()/100000)
E22: =IF(OR(B22="",C22=""),"",B22*C22*'Empieza aquí'!$C$21/60) | F22: =IF(E22="","",E22*IFERROR(INDEX('Empieza aquí'!$C$27:$C$30,MATCH(D22,'Empieza aquí'!$B$27:$B$30,0)),0)) | G22: =IF(OR(F22="",F22=0),"",RANK(F22,$F$12:$F$41)) | I22: =IF(OR(F22="",AND(H22="",'Empieza aquí'!$C$23="")),"",F22*IF(H22<>"",H22,'Empieza aquí'!$C$23)) | J22: =IF(OR(F22="",F22=0),"",F22+ROW()/100000)
E23: =IF(OR(B23="",C23=""),"",B23*C23*'Empieza aquí'!$C$21/60) | F23: =IF(E23="","",E23*IFERROR(INDEX('Empieza aquí'!$C$27:$C$30,MATCH(D23,'Empieza aquí'!$B$27:$B$30,0)),0)) | G23: =IF(OR(F23="",F23=0),"",RANK(F23,$F$12:$F$41)) | I23: =IF(OR(F23="",AND(H23="",'Empieza aquí'!$C$23="")),"",F23*IF(H23<>"",H23,'Empieza aquí'!$C$23)) | J23: =IF(OR(F23="",F23=0),"",F23+ROW()/100000)
E24: =IF(OR(B24="",C24=""),"",B24*C24*'Empieza aquí'!$C$21/60) | F24: =IF(E24="","",E24*IFERROR(INDEX('Empieza aquí'!$C$27:$C$30,MATCH(D24,'Empieza aquí'!$B$27:$B$30,0)),0)) | G24: =IF(OR(F24="",F24=0),"",RANK(F24,$F$12:$F$41)) | I24: =IF(OR(F24="",AND(H24="",'Empieza aquí'!$C$23="")),"",F24*IF(H24<>"",H24,'Empieza aquí'!$C$23)) | J24: =IF(OR(F24="",F24=0),"",F24+ROW()/100000)
E25: =IF(OR(B25="",C25=""),"",B25*C25*'Empieza aquí'!$C$21/60) | F25: =IF(E25="","",E25*IFERROR(INDEX('Empieza aquí'!$C$27:$C$30,MATCH(D25,'Empieza aquí'!$B$27:$B$30,0)),0)) | G25: =IF(OR(F25="",F25=0),"",RANK(F25,$F$12:$F$41)) | I25: =IF(OR(F25="",AND(H25="",'Empieza aquí'!$C$23="")),"",F25*IF(H25<>"",H25,'Empieza aquí'!$C$23)) | J25: =IF(OR(F25="",F25=0),"",F25+ROW()/100000)
E26: =IF(OR(B26="",C26=""),"",B26*C26*'Empieza aquí'!$C$21/60) | F26: =IF(E26="","",E26*IFERROR(INDEX('Empieza aquí'!$C$27:$C$30,MATCH(D26,'Empieza aquí'!$B$27:$B$30,0)),0)) | G26: =IF(OR(F26="",F26=0),"",RANK(F26,$F$12:$F$41)) | I26: =IF(OR(F26="",AND(H26="",'Empieza aquí'!$C$23="")),"",F26*IF(H26<>"",H26,'Empieza aquí'!$C$23)) | J26: =IF(OR(F26="",F26=0),"",F26+ROW()/100000)
E27: =IF(OR(B27="",C27=""),"",B27*C27*'Empieza aquí'!$C$21/60) | F27: =IF(E27="","",E27*IFERROR(INDEX('Empieza aquí'!$C$27:$C$30,MATCH(D27,'Empieza aquí'!$B$27:$B$30,0)),0)) | G27: =IF(OR(F27="",F27=0),"",RANK(F27,$F$12:$F$41)) | I27: =IF(OR(F27="",AND(H27="",'Empieza aquí'!$C$23="")),"",F27*IF(H27<>"",H27,'Empieza aquí'!$C$23)) | J27: =IF(OR(F27="",F27=0),"",F27+ROW()/100000)
E28: =IF(OR(B28="",C28=""),"",B28*C28*'Empieza aquí'!$C$21/60) | F28: =IF(E28="","",E28*IFERROR(INDEX('Empieza aquí'!$C$27:$C$30,MATCH(D28,'Empieza aquí'!$B$27:$B$30,0)),0)) | G28: =IF(OR(F28="",F28=0),"",RANK(F28,$F$12:$F$41)) | I28: =IF(OR(F28="",AND(H28="",'Empieza aquí'!$C$23="")),"",F28*IF(H28<>"",H28,'Empieza aquí'!$C$23)) | J28: =IF(OR(F28="",F28=0),"",F28+ROW()/100000)
E29: =IF(OR(B29="",C29=""),"",B29*C29*'Empieza aquí'!$C$21/60) | F29: =IF(E29="","",E29*IFERROR(INDEX('Empieza aquí'!$C$27:$C$30,MATCH(D29,'Empieza aquí'!$B$27:$B$30,0)),0)) | G29: =IF(OR(F29="",F29=0),"",RANK(F29,$F$12:$F$41)) | I29: =IF(OR(F29="",AND(H29="",'Empieza aquí'!$C$23="")),"",F29*IF(H29<>"",H29,'Empieza aquí'!$C$23)) | J29: =IF(OR(F29="",F29=0),"",F29+ROW()/100000)
... E41: =IF(OR(B41="",C41=""),"",B41*C41*'Empieza aquí'!$C$21/60) | F41: =IF(E41="","",E41*IFERROR(INDEX('Empieza aquí'!$C$27:$C$30,MATCH(D41,'Empieza aquí'!$B$27:$B$30,0)),0)) | G41: =IF(OR(F41="",F41=0),"",RANK(F41,$F$12:$F$41)) | I41: =IF(OR(F41="",AND(H41="",'Empieza aquí'!$C$23="")),"",F41*IF(H41<>"",H41,'Empieza aquí'!$C$23)) | J41: =IF(OR(F41="",F41=0),"",F41+ROW()/100000)
A42: Total | E42: =SUM(E12:E41) -> 337.5 | F42: =SUM(F12:F41) -> 193.5 | I42: =SUM(I12:I41) -> 3645
